<?xml version="1.0" encoding="UTF-8"?>
<!DOCTYPE mapper PUBLIC "-//mybatis.org//DTD Mapper 3.0//EN" "http://mybatis.org/dtd/mybatis-3-mapper.dtd">
<!-- JAVA와 연결할 Mapper 파일 설정 -->
<mapper namespace="kopo.poly.persistance.mapper.IUserInfoMapper">
    <!-- 회원 가입하기(회원정보 등록하기) -->
    <insert id="insertUserInfo" parameterType="UserInfoDTO">
        INSERT INTO USER_INFO
        (USER_ID,
         USER_NAME,
         PASSWORD,
         EMAIL,
         ADDR1,
         ADDR2,
         REG_ID,
         REG_DT,
         CHG_ID,
         CHG_DT)
        VALUES (#{user_id},
                #{user_name},
                #{password},
                #{email},
                #{addr1},
                #{addr2},
                #{user_id},
                SYSDATE(),
                #{user_id},
                SYSDATE())
    </insert>

    <!-- 로그인을 위해 아이디와 비밀번호가 일치하는지 확인하기 -->
    <select id="getLogin" parameterType="UserInfoDTO" resultType="UserInfoDTO">
        SELECT USER_ID, USER_NAME, EMAIL
        FROM USER_INFO
        WHERE USER_ID = #{user_id}
          AND PASSWORD = #{password}
    </select>




    <!-- 회원 가입 전 아이디 중복체크하기 -->
    <select id="getUserIdExists" parameterType="UserInfoDTO" resultType="UserInfoDTO">
        SELECT
            CASE WHEN COUNT(1) = 0 THEN 'N' ELSE 'Y' END AS EXISTS_YN
        FROM
            USER_INFO
        WHERE
            USER_ID = #{user_id};
    </select>

    <!-- 회원 가입 전 이메일 중복체크하기 -->
    <select id="getEmailExists" parameterType="UserInfoDTO" resultType="UserInfoDTO">
        SELECT
            CASE WHEN COUNT(1) = 0 THEN 'N' ELSE 'Y' END AS EXISTS_YN
        FROM
            USER_INFO
        WHERE
            EMAIL = #{email};
    </select>



    <!-- 아이디, 비밀번호 찾기에 활용
     1. 이름과 이메일이 맞다면, 아이디 알려주기
     2. 아이디, 이름과 이메일이 맞다면, 비밀번호 재설정하기
     -->
    <select id="getUserId" parameterType="UserInfoDTO" resultType="UserInfoDTO">
        SELECT
        USER_ID,
        USER_NAME,
        EMAIL
        FROM USER_INFO
        WHERE 1=1
        <if test="user_id neq null and user_id neq '' "> <!--비밀번호 찾기라면, user_id 조회 추가 -->
            AND USER_ID = #{user_id}
        </if>
        AND USER_NAME = #{user_name}
        AND EMAIL = #{email}
    </select>

    <!-- 비밀번호 재설정 -->
    <update id="updatePassword" parameterType="UserInfoDTO">
        UPDATE USER_INFO
        SET PASSWORD = #{password}
        WHERE USER_ID = #{user_id}
    </update>



</mapper>